unidad,piso,tipologia,area_interna,area_balcon,area_parqueo_bodega,area_total,dormitorios,banos,parqueo,bodega,estado,precio
201,2,01,75.03,3.8,14.5,93.33,3,2,1,1,Disponible,121202.0
202,2,02,39.96,9.1,14.5,63.56,1,1,1,1,Disponible,78464.0
203,2,03,69.93,4.62,14.5,89.05,2,2,1,1,Disponible,115046.0
204,2,04,69.22,0,14.5,83.72,2,2,1,1,Disponible,110678.16
205,2,05,67.36,5.58,14.5,87.44,2,2,1,1,Disponible,114852.0
206,2,06,39.53,4.96,0,44.49,1,1,0,0,Disponible,61294.0
207,2,07,39.18,6.32,14.5,60,1,1,1,1,Disponible,75516.72
208,2,08,39.16,6.24,14.5,59.9,1,1,1,1,Disponible,75390.24
209,2,09,70.6,2.22,14.5,87.32,2,2,1,1,Disponible,113104.0
210,2,10,68.91,3.4,14.5,86.81,2,2,1,1,Disponible,112154.0
211,2,11,41.11,6.49,14.5,62.1,1,1,1,1,Disponible,76942.0
212,2,12,80.97,8.68,14.5,104.15,3,2,1,1,Disponible,135374.0
213,2,13,60.46,1.84,14.5,76.8,2,2,1,1,Disponible,98452.0
214,2,14,73.17,4.59,14.5,92.26,2,2,1,1,Disponible,119546.0
215,2,15,64.42,5.85,14.5,84.77,2,2,1,1,Disponible,108808.0
216,2,16,41.56,0,14.5,56.06,1,1,1,1,Disponible,69784.0
217,2,17,34.64,0,0,34.64,1,1,0,0,Disponible,48496.0
218,2,18,66.62,3.5,14.5,84.62,2,2,1,1,Disponible,109068.0
219,2,19,69.04,4.17,14.5,87.71,2,2,1,1,Disponible,113260.0
220,2,20,63.65,1.58,14.5,79.73,2,2,1,1,Disponible,104658.12
221,2,21,62.21,0,14.5,76.71,2,1,1,1,Disponible,98694.0
222,2,22,68.12,3.88,14.5,86.5,2,2,1,1,Disponible,111624.0
223,2,23,64.49,6.68,14.5,85.67,2,2,1,1,Disponible,112100.04
301,3,01,75.03,3.8,14.5,93.33,3,2,1,1,Disponible,122702.6
302,3,02,39.96,9.1,14.5,63.56,1,1,1,1,Disponible,79263.2
303,3,03,69.93,4.62,14.5,89.05,2,2,1,1,Disponible,116444.6
304,3,04,69.22,0,14.5,83.72,2,2,1,1,Disponible,112090.25
305,3,05,67.36,5.58,14.5,87.44,2,2,1,1,Disponible,116226.14
306,3,06,39.53,4.96,0,44.49,1,1,0,0,Disponible,62084.6
307,3,07,39.18,3.61,14.5,57.29,1,1,1,1,Disponible,72998.95
308,3,08,39.16,7.5,14.5,61.16,1,1,1,1,Disponible,77731.34
309,3,09,70.6,2.03,14.5,87.13,2,2,1,1,Disponible,114288.0
310,3,10,68.91,3.4,14.5,86.81,2,2,1,1,Disponible,113532.2
311,3,11,41.11,6.49,14.5,62.1,1,1,1,1,Disponible,77764.2
312,3,12,80.97,3.51,14.5,98.98,3,2,1,1,Disponible,130789.4
313,3,13,60.46,1.84,14.5,76.8,2,2,1,1,Disponible,99661.2
314,3,14,73.17,4.59,14.5,92.26,2,2,1,1,Disponible,121009.4
315,3,15,64.42,4.75,14.5,83.67,2,2,1,1,Disponible,108776.4
316,3,16,41.56,0,14.5,56.06,1,1,1,1,Disponible,70615.2
317,3,17,34.64,0,0,34.64,1,1,0,0,Disponible,49188.8
318,3,18,66.62,3.5,14.5,84.62,2,2,1,1,Disponible,110400.4
319,3,19,69.04,4.17,14.5,87.71,2,2,1,1,Disponible,114640.8
320,3,20,63.65,1.58,14.5,79.73,2,2,1,1,Disponible,105956.58
321,3,21,62.21,0,14.5,76.71,2,1,1,1,Disponible,99938.2
322,3,22,68.12,3.88,14.5,86.5,2,2,1,1,Disponible,112986.4
323,3,23,64.49,6.68,14.5,85.67,2,2,1,1,Disponible,113415.64
401,4,01,75.03,3.8,14.5,93.33,3,2,1,1,Disponible,124203.2
402,4,02,39.96,9.1,14.5,63.56,1,1,1,1,Disponible,80062.4
403,4,03,69.93,4.62,14.5,89.05,2,2,1,1,Disponible,117843.2
404,4,04,69.22,0,14.5,83.72,2,2,1,1,Disponible,113502.34
405,4,05,67.36,5.58,14.5,87.44,2,2,1,1,Disponible,117600.29
406,4,06,39.53,4.96,0,44.49,1,1,0,0,Disponible,62875.2
407,4,07,39.18,6.32,14.5,60,1,1,1,1,Disponible,77115.26
408,4,08,39.16,6.24,14.5,59.9,1,1,1,1,Disponible,76987.97
409,4,09,70.6,2.03,14.5,87.13,2,2,1,1,Disponible,115700.0
410,4,10,68.91,3.4,14.5,86.81,2,2,1,1,Disponible,114910.4
411,4,11,41.11,6.49,14.5,62.1,1,1,1,1,Disponible,78586.4
412,4,12,80.97,3.86,14.5,99.33,3,2,1,1,Disponible,132828.8
413,4,13,60.46,1.84,14.5,76.8,2,2,1,1,Disponible,100870.4
414,4,14,73.17,4.59,14.5,92.26,2,2,1,1,Disponible,122472.8
415,4,15,64.42,5.85,14.5,84.77,2,2,1,1,Disponible,111384.8
416,4,16,41.56,0,14.5,56.06,1,1,1,1,Disponible,71446.4
417,4,17,34.64,0,0,34.64,1,1,0,0,Disponible,49881.6
418,4,18,66.62,3.5,14.5,84.62,2,2,1,1,Disponible,111732.8
419,4,19,69.04,4.17,14.5,87.71,2,2,1,1,Disponible,116021.6
420,4,20,63.65,1.58,14.5,79.73,2,2,1,1,Disponible,107255.04
421,4,21,62.21,0,14.5,76.71,2,1,1,1,Disponible,101182.4
422,4,22,68.12,3.88,14.5,86.5,2,2,1,1,Disponible,114348.8
423,4,23,64.49,6.68,14.5,85.67,2,2,1,1,Disponible,114731.23
501,5,01,75.03,3.8,14.5,93.33,3,2,1,1,Disponible,125703.8
502,5,02,39.96,9.1,14.5,63.56,1,1,1,1,Disponible,80861.6
503,5,03,69.93,4.62,14.5,89.05,2,2,1,1,Disponible,119241.8
504,5,04,69.22,0,14.5,83.72,2,2,1,1,Disponible,114914.42
505,5,05,67.36,5.58,14.5,87.44,2,2,1,1,Disponible,118974.43
506,5,06,39.53,4.96,0,44.49,1,1,0,0,Disponible,63665.8
507,5,07,39.18,7.42,14.5,61.1,1,1,1,1,Disponible,79260.94
508,5,08,39.16,3.45,14.5,57.11,1,1,1,1,Disponible,74371.87
509,5,09,70.6,2.03,14.5,87.13,2,2,1,1,Disponible,117112.0
510,5,10,68.91,3.4,14.5,86.81,2,2,1,1,Disponible,116288.6
511,5,11,41.11,6.49,14.5,62.1,1,1,1,1,Disponible,79408.6
512,5,12,80.97,3.83,14.5,99.3,3,2,1,1,Disponible,134412.2
513,5,13,60.46,1.84,14.5,76.8,2,2,1,1,Disponible,102079.6
514,5,14,73.17,4.59,14.5,92.26,2,2,1,1,Disponible,123936.2
515,5,15,64.42,4.75,14.5,83.67,2,2,1,1,Disponible,111353.2
516,5,16,41.56,0,14.5,56.06,1,1,1,1,Disponible,72277.6
517,5,17,34.64,0,0,34.64,1,1,0,0,Disponible,50574.4
518,5,18,66.62,3.5,14.5,84.62,2,2,1,1,Disponible,113065.2
519,5,19,69.04,4.17,14.5,87.71,2,2,1,1,Disponible,117402.4
520,5,20,63.65,1.58,14.5,79.73,2,2,1,1,Disponible,108553.5
521,5,21,62.21,0,14.5,76.71,2,1,1,1,Disponible,102426.6
522,5,22,68.12,3.88,14.5,86.5,2,2,1,1,Disponible,115711.2
523,5,23,64.49,6.68,14.5,85.67,2,2,1,1,Disponible,116046.83
601,6,01,75.03,3.8,14.5,93.33,3,2,1,1,Disponible,127204.4
602,6,02,39.96,9.1,14.5,63.56,1,1,1,1,Disponible,81660.8
603,6,03,69.93,4.62,14.5,89.05,2,2,1,1,Disponible,120640.4
604,6,04,69.22,0,14.5,83.72,2,2,1,1,Disponible,116326.51
605,6,05,67.36,5.58,14.5,87.44,2,2,1,1,Disponible,120348.58
606,6,06,39.53,4.96,0,44.49,1,1,0,0,Disponible,64456.4
607,6,07,39.18,3.61,14.5,57.29,1,1,1,1,Disponible,75396.77
608,6,08,39.16,7.5,14.5,61.16,1,1,1,1,Disponible,80127.94
609,6,09,70.6,2.03,14.5,87.13,2,2,1,1,Disponible,118524.0
610,6,10,68.91,3.4,14.5,86.81,2,2,1,1,Disponible,117666.8
611,6,11,41.11,6.49,14.5,62.1,1,1,1,1,Disponible,80230.8
612,6,12,80.97,8.68,14.5,104.15,3,2,1,1,Disponible,141851.6
613,6,13,60.46,1.84,14.5,76.8,2,2,1,1,Disponible,103288.8
614,6,14,73.17,4.59,14.5,92.26,2,2,1,1,Disponible,125399.6
615,6,15,64.42,5.85,14.5,84.77,2,2,1,1,Disponible,113961.6
616,6,16,41.56,0,14.5,56.06,1,1,1,1,Disponible,73108.8
617,6,17,34.64,0,0,34.64,1,1,0,0,Disponible,51267.2
618,6,18,66.62,3.5,14.5,84.62,2,2,1,1,Disponible,114397.6
619,6,19,69.04,4.17,14.5,87.71,2,2,1,1,Disponible,118783.2
620,6,20,63.65,1.58,14.5,79.73,2,2,1,1,Disponible,109851.96
621,6,21,62.21,0,14.5,76.71,2,1,1,1,Disponible,103670.8
622,6,22,68.12,3.88,14.5,86.5,2,2,1,1,Disponible,117073.6
623,6,23,64.49,6.68,14.5,85.67,2,2,1,1,Disponible,117362.42
701,7,01,75.03,3.8,14.5,93.33,3,2,1,1,Disponible,128705.0
702,7,02,39.96,9.1,14.5,63.56,1,1,1,1,Disponible,82460.0
703,7,03,69.93,4.62,14.5,89.05,2,2,1,1,Disponible,122039.0
704,7,04,69.22,0,14.5,83.72,2,2,1,1,Disponible,117738.6
705,7,05,67.36,5.58,14.5,87.44,2,2,1,1,Disponible,121722.72
706,7,06,39.53,4.96,0,44.49,1,1,0,0,Disponible,65247.0
707,7,07,39.18,6.32,14.5,60,1,1,1,1,Disponible,79513.08
708,7,08,39.16,6.24,14.5,59.9,1,1,1,1,Disponible,79384.56
709,7,09,70.6,2.03,14.5,87.13,2,2,1,1,Disponible,119936.0
710,7,10,68.91,3.4,14.5,86.81,2,2,1,1,Disponible,119045.0
711,7,11,41.11,6.49,14.5,62.1,1,1,1,1,Disponible,81053.0
712,7,12,80.97,3.76,14.5,99.23,3,2,1,1,Disponible,137567.0
713,7,13,60.46,1.84,14.5,76.8,2,2,1,1,Disponible,104498.0
714,7,14,73.17,4.59,14.5,92.26,2,2,1,1,Disponible,126863.0
715,7,15,64.42,4.75,14.5,83.67,2,2,1,1,Disponible,113930.0
716,7,16,41.56,0,14.5,56.06,1,1,1,1,Disponible,73940.0
717,7,17,34.64,0,0,34.64,1,1,0,0,Disponible,51960.0
718,7,18,66.62,3.5,14.5,84.62,2,2,1,1,Disponible,115730.0
719,7,19,69.04,4.17,14.5,87.71,2,2,1,1,Disponible,120164.0
720,7,20,63.65,1.58,14.5,79.73,2,2,1,1,Disponible,111150.42
721,7,21,62.21,0,14.5,76.71,2,1,1,1,Disponible,104915.0
722,7,22,68.12,3.88,14.5,86.5,2,2,1,1,Disponible,118436.0
723,7,23,64.49,6.65,14.5,85.64,2,2,1,1,Disponible,118641.3
801,8,01,75.03,3.8,14.5,93.33,3,2,1,1,Disponible,130205.6
802,8,02,39.96,9.1,14.5,63.56,1,1,1,1,Disponible,83259.2
803,8,03,69.93,4.62,14.5,89.05,2,2,1,1,Disponible,123437.6
804,8,04,69.22,0,14.5,83.72,2,2,1,1,Disponible,119150.69
805,8,05,67.36,5.58,14.5,87.44,2,2,1,1,Disponible,123096.86
806,8,06,39.53,4.96,0,44.49,1,1,0,0,Disponible,66037.6
807,8,07,39.18,7.42,14.5,61.1,1,1,1,1,Disponible,81658.75
808,8,08,39.16,3.45,14.5,57.11,1,1,1,1,Disponible,76768.46
809,8,09,70.6,2.03,14.5,87.13,2,2,1,1,Disponible,121348.0
810,8,10,68.91,3.4,14.5,86.81,2,2,1,1,Disponible,120423.2
811,8,11,41.11,6.49,14.5,62.1,1,1,1,1,Disponible,81875.2
812,8,12,80.97,8.68,14.5,104.15,3,2,1,1,Disponible,145090.4
813,8,13,60.46,1.84,14.5,76.8,2,2,1,1,Disponible,105707.2
814,8,14,73.17,4.59,14.5,92.26,2,2,1,1,Disponible,128326.4
815,8,15,64.42,5.85,14.5,84.77,2,2,1,1,Disponible,116538.4
816,8,16,41.56,0,14.5,56.06,1,1,1,1,Disponible,74771.2
817,8,17,34.64,0,0,34.64,1,1,0,0,Disponible,52652.8
818,8,18,66.62,3.5,14.5,84.62,2,2,1,1,Disponible,117062.4
819,8,19,69.04,4.17,14.5,87.71,2,2,1,1,Disponible,121544.8
820,8,20,63.65,1.58,14.5,79.73,2,2,1,1,Disponible,112448.88
821,8,21,62.21,0,14.5,76.71,2,1,1,1,Disponible,106159.2
822,8,22,68.12,3.88,14.5,86.5,2,2,1,1,Disponible,119798.4
823,8,23,64.49,6.65,14.5,85.64,2,2,1,1,Disponible,119956.9
901,9,01,75.03,3.8,14.5,93.33,3,2,1,1,Disponible,132456.5
902,9,02,39.96,9.1,14.5,63.56,1,1,1,1,Disponible,84458.0
903,9,03,69.93,4.62,14.5,89.05,2,2,1,1,Disponible,125535.5
904,9,04,69.22,0,14.5,83.72,2,2,1,1,Disponible,121268.82
905,9,05,67.36,5.58,14.5,87.44,2,2,1,1,Disponible,125158.08
906,9,06,39.53,4.96,0,44.49,1,1,0,0,Disponible,67223.5
907,9,07,39.18,3.61,14.5,57.29,1,1,1,1,Disponible,78194.22
908,9,08,39.16,6.24,14.5,59.9,1,1,1,1,Disponible,81381.72
909,9,09,70.6,2.03,14.5,87.13,2,2,1,1,Disponible,123466.0
910,9,10,68.91,3.4,14.5,86.81,2,2,1,1,Disponible,122490.5
911,9,11,41.11,6.49,14.5,62.1,1,1,1,1,Disponible,83108.5
912,9,12,80.97,3.76,14.5,99.23,3,2,1,1,Disponible,141615.5
913,9,13,60.46,1.84,14.5,76.8,2,2,1,1,Disponible,107521.0
914,9,14,73.17,4.59,14.5,92.26,2,2,1,1,Disponible,130521.5
915,9,15,64.42,4.75,14.5,83.67,2,2,1,1,Disponible,117151.0
916,9,16,41.56,0,14.5,56.06,1,1,1,1,Disponible,76018.0
917,9,17,34.64,0,0,34.64,1,1,0,0,Disponible,53692.0
918,9,18,66.62,3.5,14.5,84.62,2,2,1,1,Disponible,119061.0
919,9,19,69.04,4.17,14.5,87.71,2,2,1,1,Disponible,123616.0
920,9,20,63.65,1.58,14.5,79.73,2,2,1,1,Disponible,114396.57
921,9,21,62.21,0,14.5,76.71,2,1,1,1,Disponible,108025.5
922,9,22,68.12,3.88,14.5,86.5,2,2,1,1,Disponible,121842.0
923,9,23,64.49,6.68,14.5,85.67,2,2,1,1,Disponible,121967.01
